"Region","Number.of.Countries","Total.Population.In.Million","Countries.With.Low.Income","Average.GDP.per.Capita","Median.GDP.per.Capita","Std.Deviation.GDP.per.Capita","Min.Under.5.Mortality.Rate","Max.Under.5.Mortality.Rate"
"East Asia & Pacific",36,2259.188726,1,16517.7907546061,4280.838915,20687.0056406742,2.6,63.4
"Europe & Central Asia",58,915.545801,1,25476.8904806333,16680.6781,24463.9509811679,2.1,47.3
"Latin America & Caribbean",42,644.137666,1,9851.42718326061,7145.076837,6747.76805344369,5.4,71.7
"Middle East & North Africa",21,444.322417,2,15446.61821275,5785.9483545,17103.7280085514,3.6,61.7
"North America",3,362.492702,0,52281.890935,52281.890935,10252.7245076545,5.1,6.6
"South Asia",8,1788.388852,2,3095.0728573,1744.9754075,3455.74114263531,7.9,74.9
"Sub-Saharan Africa",47,1056.03889,26,2368.91415193478,1145.6044185,3179.06869795928,13.1,127.2
